id;name;email;mobile_no;google_id;facebook_id;apple_id;is_banned;is_verified;verified_by_email;verified_by_mobile_no;wallet_public_key;image;image_content_type;image_url;language_code;notes
1;Bigender;Chauncey_Parisian@yahoo.com;Frozen;Cheese City Savings;Diesel Implementation;Investment Passenger;true;true;true;false;hiccough;../fake-data/blob/hipster.png;image/png;Gorgeous;Assistant;perferendis unlike Junctions
2;Northeast Royce neighboring;Jaylin_Auer85@yahoo.com;Fantastic Wagon;Transexual;Berkelium driver gigantic;Coupe generate Frozen;true;false;true;false;JBOD Berkshire Directives;../fake-data/blob/hipster.png;image/png;Baby;Creative female autem;Bugatti
3;green DRAM;Ada_Hansen87@gmail.com;candela amongst Account;Tools anniversary;didactic Supervisor suspect;Movies;true;false;false;true;Vista Liechtenstein withdrawal;../fake-data/blob/hipster.png;image/png;Volkswagen;Rustic Agent;Thailand initiatives
4;ache at;Savion.Deckow20@hotmail.com;Bicycle Tuna Hyundai;female Representative disappear;Folk notwithstanding;payment Executive copy;true;true;true;false;phooey;../fake-data/blob/hipster.png;image/png;withdrawal Cambridgeshire;Northeast Trinidad;Metal CSS visualize
5;Jazz Research South;Alanna.Rowe@hotmail.com;Orchestrator male payment;Keyboard siemens Lynwood;reboot;deposit;false;false;false;false;implement;../fake-data/blob/hipster.png;image/png;Swaziland;Northeast consist;till
6;female;Joey_Hamill@yahoo.com;disinhibit;plum;matrix Music;second;false;true;true;true;reduplicate Account;../fake-data/blob/hipster.png;image/png;lavender kindly;Pickup Technician;Fresh Chicken
7;neural;Malvina_Bosco51@yahoo.com;withdrawal Tricycle;circuit;application;Avon Fiji Baltimore;true;true;true;true;microchip Hat Account;../fake-data/blob/hipster.png;image/png;Solutions Car Human;pish;Passenger lanky North
8;pilot;Karelle.Abernathy@gmail.com;regularly Fountain;voluptate Fiji secondary;Implemented;Tools aut;true;false;true;false;flake Franc;../fake-data/blob/hipster.png;image/png;Electronics Hampshire Isle;repellat orchid;Forge
9;Porsche;Sadye_Wyman67@yahoo.com;Place substantial Volkswagen;deposit Holmium;Auto;Unbranded;false;true;true;false;Reggae Southeast;../fake-data/blob/hipster.png;image/png;Communications;GB transmit;used assumenda vortals
10;SQL Latin;Malcolm50@gmail.com;Gasoline compelling;Classical outrageous;Avon;International male connect;false;true;false;true;woman brr;../fake-data/blob/hipster.png;image/png;boohoo Hollow or;Rubidium Gasoline;SUV
